id,duracion_hora,dia,hora,habitacion_id
1,20,2023-04-12,03:00:00,501
2,23,2023-12-01,09:00:00,680
3,12,2023-07-02,04:00:00,594
4,14,2023-06-23,23:00:00,269
5,2,2023-04-19,13:00:00,488
6,6,2023-12-03,07:00:00,135
7,6,2023-03-06,21:00:00,354
8,7,2023-12-24,22:00:00,187
9,13,2023-04-27,15:00:00,420
10,9,2023-12-24,15:00:00,854
11,2,2023-03-29,23:00:00,621
12,17,2023-06-13,13:00:00,782
13,9,2023-11-24,11:00:00,907
14,24,2023-04-26,20:00:00,967
15,3,2023-01-29,03:00:00,891
16,10,2023-12-02,03:00:00,697
17,22,2023-11-26,17:00:00,273
18,22,2023-05-02,02:00:00,86
19,23,2023-08-19,04:00:00,192
20,24,2023-03-24,05:00:00,93
21,15,2023-06-08,13:00:00,171
22,24,2023-09-09,01:00:00,459
23,19,2023-05-21,20:00:00,733
24,1,2023-12-09,10:00:00,265
25,10,2023-06-13,21:00:00,61
26,13,2023-07-29,09:00:00,408
27,7,2023-07-26,10:00:00,256
28,12,2023-03-21,06:00:00,882
29,18,2023-09-23,14:00:00,472
30,6,2023-12-04,00:00:00,854
31,7,2023-08-20,04:00:00,748
32,5,2023-12-09,06:00:00,41
33,12,2023-01-23,15:00:00,624
34,19,2023-09-02,05:00:00,600
35,19,2023-12-23,05:00:00,714
36,18,2023-11-18,21:00:00,269
37,16,2023-02-09,12:00:00,716
38,13,2023-12-18,20:00:00,295
39,19,2023-07-26,17:00:00,556
40,11,2023-01-09,13:00:00,973
41,7,2023-03-02,17:00:00,328
42,1,2023-08-04,23:00:00,487
43,11,2023-05-10,20:00:00,823
44,1,2023-07-02,23:00:00,122
45,2,2023-03-11,07:00:00,93
46,19,2023-01-01,18:00:00,527
47,9,2023-11-15,14:00:00,690
48,1,2023-06-24,19:00:00,483
49,14,2023-12-08,15:00:00,302
50,20,2023-07-16,14:00:00,15
51,12,2023-06-09,09:00:00,251
52,12,2023-05-27,02:00:00,424
53,16,2023-04-14,13:00:00,77
54,16,2023-11-19,00:00:00,551
55,12,2023-02-11,02:00:00,950
56,16,2023-07-06,17:00:00,558
57,16,2023-05-08,21:00:00,66
58,17,2023-04-14,19:00:00,155
59,18,2023-11-06,15:00:00,952
60,7,2023-09-22,21:00:00,631
61,21,2023-02-01,16:00:00,239
62,24,2023-04-07,19:00:00,414
63,19,2023-06-15,15:00:00,892
64,19,2023-12-20,20:00:00,144
65,9,2023-11-06,21:00:00,73
66,23,2023-05-19,21:00:00,550
67,21,2023-04-04,10:00:00,379
68,18,2023-10-04,04:00:00,184
69,7,2023-03-19,09:00:00,932
70,10,2023-01-16,13:00:00,7
71,21,2023-11-08,11:00:00,166
72,1,2023-11-23,00:00:00,168
73,4,2023-12-29,09:00:00,51
74,11,2023-06-02,18:00:00,320
75,13,2023-08-12,09:00:00,123
76,8,2023-11-16,22:00:00,829
77,15,2023-04-19,05:00:00,385
78,17,2023-01-06,07:00:00,479
79,2,2023-07-15,23:00:00,259
80,4,2023-05-15,02:00:00,956
81,24,2023-03-13,13:00:00,826
82,19,2023-06-25,07:00:00,422
83,11,2023-06-28,09:00:00,778
84,10,2023-12-03,04:00:00,845
85,24,2023-11-01,13:00:00,964
86,19,2023-10-03,22:00:00,669
87,21,2023-11-14,07:00:00,197
88,13,2023-08-21,03:00:00,874
89,7,2023-10-17,14:00:00,353
90,8,2023-04-08,15:00:00,968
91,12,2023-04-16,19:00:00,456
92,7,2023-07-02,03:00:00,416
93,8,2023-04-22,05:00:00,717
94,10,2023-02-17,17:00:00,466
95,22,2023-06-03,02:00:00,915
96,4,2023-05-27,16:00:00,526
97,2,2023-06-06,08:00:00,678
98,1,2023-06-01,04:00:00,169
99,24,2023-11-10,17:00:00,246
