reservas_id,habitacion_id,fecha_salida
1,255,2023-09-18
2,550,2023-05-27
3,520,2023-08-09
4,860,2023-08-02
5,28,2023-10-16
6,332,2023-08-15
7,526,2023-08-10
8,253,2023-12-28
9,821,2023-02-24
10,597,2023-07-21
11,853,2023-01-19
12,72,2023-03-27
13,346,2023-08-08
14,227,2023-03-16
15,849,2023-10-24
16,201,2023-09-12
17,929,2023-05-14
18,630,2023-04-01
19,794,2023-09-22
20,825,2023-04-02
21,785,2023-10-23
22,963,2023-09-01
23,89,2023-11-21
24,430,2023-12-02
25,842,2023-01-14
26,986,2023-04-25
27,629,2023-06-26
28,837,2023-03-24
29,317,2023-11-05
30,146,2023-09-08
31,235,2023-02-20
32,874,2023-07-02
33,904,2023-10-17
34,339,2023-04-16
35,387,2023-04-22
36,863,2023-12-08
37,277,2023-08-14
38,602,2023-01-06
39,934,2023-04-04
40,874,2023-07-25
41,972,2023-11-25
42,490,2023-01-09
43,233,2023-11-19
44,347,2023-11-17
45,141,2023-02-05
46,209,2023-03-16
47,431,2023-06-27
48,355,2023-10-07
49,466,2023-07-20
50,171,2023-02-21
51,90,2023-12-07
52,532,2023-02-21
53,787,2023-07-29
54,692,2023-03-07
55,645,2023-11-14
56,636,2023-08-12
57,719,2023-07-29
58,521,2023-02-01
59,658,2023-08-27
60,914,2023-09-29
61,627,2023-06-14
62,149,2023-09-07
63,234,2023-03-08
64,304,2023-08-06
65,270,2023-12-14
66,592,2023-12-17
67,479,2023-07-11
68,294,2023-01-05
69,356,2023-06-19
70,48,2023-02-07
71,321,2023-01-30
72,379,2023-12-16
73,108,2023-09-20
74,729,2023-04-04
75,259,2023-10-01
76,993,2023-03-13
77,373,2023-01-26
78,519,2023-11-14
79,852,2023-03-25
80,776,2023-07-31
81,866,2023-04-23
82,534,2023-09-05
83,807,2023-09-17
84,146,2023-05-22
85,698,2023-09-26
86,842,2023-08-20
87,683,2023-03-11
88,24,2023-01-08
89,32,2023-10-17
90,255,2023-02-17
91,872,2023-09-19
92,257,2023-02-12
93,764,2023-05-22
94,807,2023-06-12
95,11,2023-06-30
96,887,2023-12-17
97,336,2023-05-05
98,197,2023-08-09
99,932,2023-10-18
